Date,Sell_per_Day_Liters,Temperature_Celsius
2018-01-01,124.67,32.93
2018-01-02,127.86,36.08
2018-01-03,113.28,32.88
2018-01-04,158.98,41.76
2018-01-05,157.63,39.79
2018-01-06,151.0,41.66
2018-01-07,120.87,31.21
2018-01-08,150.64,40.98
2018-01-09,156.15,35.34
2018-01-10,100,31.73
2018-01-11,136.99,36.5
2018-01-12,100,30.62
2018-01-13,147.1,39.26
2018-01-14,111.69,29.18
2018-01-15,148.64,41.36
2018-01-16,107.9,32.42
2018-01-17,153.5,38.39
2018-01-18,127.36,36.11
2018-01-19,159.86,40.25
2018-01-20,159.31,35.8
2018-01-21,124.18,33.62
2018-01-22,137.77,39.38
2018-01-23,147.58,35.84
2018-01-24,112.07,31.47
2018-01-25,103.24,31.22
2018-01-26,142.61,35.14
2018-01-27,147.13,41.39
2018-01-28,116.21,30.04
2018-01-29,156.85,40.99
2018-01-30,100,29.05
2018-01-31,119.67,31.22
2018-02-01,111.73,33.28
2018-02-02,118.73,33.69
2018-02-03,157.21,39.02
2018-02-04,153.22,40.77
2018-02-05,110.3,31.34
2018-02-06,117.44,32.04
2018-02-07,114.88,28.05
2018-02-08,118.92,34.25
2018-02-09,115.66,29.96
2018-02-10,150.39,38.24
2018-02-11,158.5,41.2
2018-02-12,117.19,29.85
2018-02-13,100,30.65
2018-02-14,150.15,40.64
2018-02-15,111.36,28.22
2018-02-16,109.43,32.7
2018-02-17,155.73,38.44
2018-02-18,130.64,34.7
2018-02-19,159.5,39.59
2018-02-20,136.48,38.54
2018-02-21,103.3,31.11
2018-02-22,105.46,33.11
2018-02-23,142.1,39.8
2018-02-24,143.8,37.37
2018-02-25,155.63,37.27
2018-02-26,111.44,32.7
2018-02-27,126.6,31.96
2018-02-28,138.35,35.78
2018-03-01,124.54,30.8
2018-03-02,121.75,34.79
2018-03-03,152.15,35.26
2018-03-04,100,29.01
2018-03-05,100,30.8
2018-03-06,127.92,32.54
2018-03-07,118.99,32.33
2018-03-08,120.5,37.49
2018-03-09,100,29.71
2018-03-10,110.82,34.73
2018-03-11,153.37,36.05
2018-03-12,121.34,32.55
2018-03-13,108.01,31.91
2018-03-14,121.88,33.46
2018-03-15,146.96,40.44
2018-03-16,114.66,28.8
2018-03-17,120.82,32.03
2018-03-18,151.45,39.82
2018-03-19,152.07,40.42
2018-03-20,141.21,40.46
2018-03-21,118.22,30.98
2018-03-22,156.18,38.84
2018-03-23,162.95,39.9
2018-03-24,142.59,40.81
2018-03-25,133.76,35.12
2018-03-26,103.51,31.96
2018-03-27,100,30.42
2018-03-28,151.33,38.84
2018-03-29,101.3,29.79
2018-03-30,110.88,31.77
2018-03-31,126.61,37.34
2018-04-01,117.8,31.36
2018-04-02,103.82,28.06
2018-04-03,132.37,36.73
2018-04-04,119.13,32.14
2018-04-05,105.7,28.0
2018-04-06,149.63,36.8
2018-04-07,100,29.86
2018-04-08,107.54,31.9
2018-04-09,103.1,29.71
2018-04-10,151.36,38.97
2018-04-11,160.48,41.6
2018-04-12,105.4,30.82
2018-04-13,100,29.84
2018-04-14,127.07,32.33
2018-04-15,164.59,40.67
2018-04-16,113.97,31.17
2018-04-17,151.04,40.03
2018-04-18,150.18,39.25
2018-04-19,155.51,38.91
2018-04-20,110.91,31.84
2018-04-21,123.2,31.25
2018-04-22,125.76,31.7
2018-04-23,141.32,39.38
2018-04-24,104.63,32.32
2018-04-25,132.45,35.4
2018-04-26,131.52,32.74
2018-04-27,130.47,34.65
2018-04-28,120.69,30.02
2018-04-29,117.37,32.42
2018-04-30,142.01,35.27
2018-05-01,109.03,29.74
2018-05-02,165.89,41.78
2018-05-03,151.11,37.55
2018-05-04,125.33,34.78
2018-05-05,142.35,40.01
2018-05-06,100,28.59
2018-05-07,126.71,31.29
2018-05-08,112.54,30.32
2018-05-09,124.3,33.6
2018-05-10,154.78,35.11
2018-05-11,150.03,37.04
2018-05-12,104.81,33.15
2018-05-13,117.2,34.01
2018-05-14,110.3,32.0
2018-05-15,147.57,41.19
2018-05-16,138.98,34.79
2018-05-17,128.27,36.37
2018-05-18,129.47,34.68
2018-05-19,131.16,36.1
2018-05-20,133.96,38.35
2018-05-21,141.0,36.01
2018-05-22,161.03,40.88
2018-05-23,157.51,41.13
2018-05-24,134.33,33.63
2018-05-25,137.37,38.77
2018-05-26,150.76,37.66
2018-05-27,150.35,40.97
2018-05-28,110.85,29.26
2018-05-29,100,29.49
2018-05-30,146.92,39.77
2018-05-31,137.91,36.45
2018-06-01,161.72,39.43
2018-06-02,144.94,37.78
2018-06-03,106.19,33.07
2018-06-04,116.07,35.2
2018-06-05,157.17,35.13
2018-06-06,115.31,33.61
2018-06-07,132.6,33.87
2018-06-08,131.94,38.14
2018-06-09,105.05,29.57
2018-06-10,140.37,38.94
2018-06-11,112.64,32.65
2018-06-12,117.31,29.55
2018-06-13,140.57,41.33
2018-06-14,131.41,32.66
2018-06-15,122.15,36.83
2018-06-16,143.79,38.39
2018-06-17,123.54,33.53
2018-06-18,103.07,32.08
2018-06-19,162.19,41.43
2018-06-20,146.64,37.82
2018-06-21,110.64,34.33
2018-06-22,113.87,33.9
2018-06-23,157.03,41.8
2018-06-24,114.23,29.44
2018-06-25,100,28.12
2018-06-26,131.5,38.14
2018-06-27,106.93,28.53
2018-06-28,142.24,37.1
2018-06-29,107.91,28.47
2018-06-30,119.99,31.35
2018-07-01,141.63,37.05
2018-07-02,151.56,38.75
2018-07-03,135.88,34.57
2018-07-04,130.71,35.66
2018-07-05,138.52,41.75
2018-07-06,155.02,38.08
2018-07-07,151.84,41.36
2018-07-08,147.4,41.49
2018-07-09,155.01,41.72
2018-07-10,126.93,37.91
2018-07-11,138.57,38.01
2018-07-12,148.71,39.71
2018-07-13,140.75,37.51
2018-07-14,160.47,36.57
2018-07-15,151.59,41.9
2018-07-16,149.83,39.59
2018-07-17,158.78,39.67
2018-07-18,102.29,32.7
2018-07-19,127.32,31.81
2018-07-20,116.09,35.39
2018-07-21,104.47,28.86
2018-07-22,117.78,28.84
2018-07-23,138.1,37.29
2018-07-24,154.93,38.38
2018-07-25,109.52,32.22
2018-07-26,125.71,34.15
2018-07-27,150.04,36.16
2018-07-28,105.76,31.71
2018-07-29,130.98,32.49
2018-07-30,115.28,29.23
2018-07-31,131.47,33.74
2018-08-01,127.15,35.16
2018-08-02,101.49,31.01
2018-08-03,161.56,40.6
2018-08-04,101.47,29.79
2018-08-05,166.44,38.4
2018-08-06,151.04,35.72
2018-08-07,150.6,37.4
2018-08-08,118.01,31.3
2018-08-09,106.15,31.89
2018-08-10,148.99,39.18
2018-08-11,113.03,34.37
2018-08-12,142.57,35.8
2018-08-13,110.1,33.31
2018-08-14,106.33,31.96
2018-08-15,135.1,40.27
2018-08-16,121.68,31.07
2018-08-17,100.59,30.1
2018-08-18,146.84,38.3
2018-08-19,100,28.65
2018-08-20,114.6,30.24
2018-08-21,142.4,41.2
2018-08-22,159.95,37.64
2018-08-23,108.29,33.62
2018-08-24,147.83,38.02
2018-08-25,100,29.4
2018-08-26,139.24,35.35
2018-08-27,168.41,39.6
2018-08-28,157.51,39.07
2018-08-29,102.8,32.3
2018-08-30,146.12,37.1
2018-08-31,119.75,30.01
2018-09-01,131.4,36.41
2018-09-02,117.97,29.98
2018-09-03,129.04,37.58
2018-09-04,112.23,28.38
2018-09-05,135.77,35.47
2018-09-06,100,29.79
2018-09-07,116.38,34.05
2018-09-08,100,30.04
2018-09-09,160.35,37.61
2018-09-10,114.71,32.58
2018-09-11,102.06,29.69
2018-09-12,111.95,33.49
2018-09-13,144.54,37.69
2018-09-14,103.57,28.77
2018-09-15,124.0,30.71
2018-09-16,100,28.03
2018-09-17,110.92,34.82
2018-09-18,110.42,31.43
2018-09-19,139.75,35.66
2018-09-20,128.82,36.45
2018-09-21,100,31.21
2018-09-22,110.76,32.13
2018-09-23,165.07,41.79
2018-09-24,100,29.54
2018-09-25,147.43,40.35
2018-09-26,155.31,35.52
2018-09-27,111.35,32.92
2018-09-28,100,29.47
2018-09-29,147.32,41.17
2018-09-30,136.52,34.92
2018-10-01,100,28.08
2018-10-02,155.43,39.99
2018-10-03,109.98,33.93
2018-10-04,154.76,41.51
2018-10-05,112.32,29.9
2018-10-06,109.71,30.68
2018-10-07,143.55,39.59
2018-10-08,144.74,38.6
2018-10-09,149.73,40.03
2018-10-10,148.15,39.89
2018-10-11,123.91,34.2
2018-10-12,120.48,31.35
2018-10-13,102.74,28.59
2018-10-14,156.12,40.17
2018-10-15,147.07,35.96
2018-10-16,100,28.46
2018-10-17,106.6,33.99
2018-10-18,101.79,29.49
2018-10-19,152.51,37.18
2018-10-20,121.22,33.86
2018-10-21,129.48,33.94
2018-10-22,122.2,31.21
2018-10-23,112.22,29.88
2018-10-24,121.53,36.57
2018-10-25,112.92,31.3
2018-10-26,125.38,31.72
2018-10-27,143.68,35.7
2018-10-28,137.25,40.32
2018-10-29,121.62,31.82
2018-10-30,111.78,28.05
2018-10-31,101.02,32.07
2018-11-01,119.1,34.97
2018-11-02,131.35,34.03
2018-11-03,134.15,40.05
2018-11-04,118.37,32.11
2018-11-05,124.21,34.2
2018-11-06,145.05,41.98
2018-11-07,103.36,30.31
2018-11-08,104.96,31.54
2018-11-09,132.9,33.71
2018-11-10,142.54,41.49
2018-11-11,128.08,32.4
2018-11-12,100,29.1
2018-11-13,135.67,38.11
2018-11-14,111.0,30.49
2018-11-15,127.09,35.56
2018-11-16,109.52,34.69
2018-11-17,100.45,31.93
2018-11-18,109.81,30.57
2018-11-19,153.77,40.71
2018-11-20,148.1,38.02
2018-11-21,157.72,36.91
2018-11-22,146.29,41.28
2018-11-23,115.87,30.5
2018-11-24,111.03,33.92
2018-11-25,142.37,40.72
2018-11-26,161.52,39.82
2018-11-27,107.13,28.07
2018-11-28,156.89,41.21
2018-11-29,137.45,34.45
2018-11-30,111.79,28.2
2018-12-01,151.42,41.83
2018-12-02,104.94,28.86
2018-12-03,121.36,36.55
2018-12-04,158.19,39.1
2018-12-05,145.88,35.52
2018-12-06,124.6,32.31
2018-12-07,100,28.19
2018-12-08,152.78,40.66
2018-12-09,100.54,32.27
2018-12-10,154.77,40.5
2018-12-11,111.54,29.74
2018-12-12,131.45,34.01
2018-12-13,126.3,31.79
2018-12-14,100,28.29
2018-12-15,126.05,37.48
2018-12-16,147.5,41.07
2018-12-17,153.26,36.17
2018-12-18,135.9,36.6
2018-12-19,124.0,33.54
2018-12-20,100,31.85
2018-12-21,101.93,31.09
2018-12-22,114.45,33.55
2018-12-23,100,28.53
2018-12-24,140.85,39.25
2018-12-25,140.68,35.54
2018-12-26,120.44,30.9
2018-12-27,127.05,31.98
2018-12-28,133.87,34.32
2018-12-29,101.01,29.27
2018-12-30,155.27,40.2
2018-12-31,150.37,41.92
2019-01-01,125.31,34.84
2019-01-02,147.41,37.47
2019-01-03,100.94,31.79
2019-01-04,152.29,36.97
2019-01-05,135.56,40.24
2019-01-06,114.65,34.09
2019-01-07,113.03,34.39
2019-01-08,156.07,38.88
2019-01-09,100,31.1
2019-01-10,135.97,37.01
2019-01-11,107.0,30.92
2019-01-12,100,30.36
2019-01-13,131.89,39.65
2019-01-14,115.79,31.79
2019-01-15,133.04,33.12
2019-01-16,157.2,37.02
2019-01-17,145.28,41.04
2019-01-18,100,28.3
2019-01-19,129.91,36.92
2019-01-20,129.73,35.35
2019-01-21,110.14,28.38
2019-01-22,130.32,33.89
2019-01-23,136.28,35.32
2019-01-24,132.1,39.1
2019-01-25,118.62,29.99
2019-01-26,122.35,35.95
2019-01-27,128.23,31.82
2019-01-28,100,30.15
2019-01-29,100,30.4
2019-01-30,138.51,36.7
2019-01-31,140.08,36.62
2019-02-01,139.05,39.68
2019-02-02,112.98,31.03
2019-02-03,154.06,41.42
2019-02-04,145.05,35.22
2019-02-05,166.02,39.93
2019-02-06,131.15,33.65
2019-02-07,100,28.93
2019-02-08,116.52,32.7
2019-02-09,127.31,33.36
2019-02-10,139.73,37.83
2019-02-11,100,28.51
2019-02-12,154.66,35.69
2019-02-13,124.07,31.63
2019-02-14,157.19,40.21
2019-02-15,131.44,32.95
2019-02-16,151.44,37.54
2019-02-17,103.21,28.88
2019-02-18,100,28.47
2019-02-19,131.31,36.3
2019-02-20,148.4,37.49
2019-02-21,113.29,34.8
2019-02-22,125.31,35.21
2019-02-23,158.27,35.79
2019-02-24,133.67,35.44
2019-02-25,137.23,34.38
2019-02-26,126.76,34.07
2019-02-27,134.89,38.17
2019-02-28,100,28.7
2019-03-01,161.3,39.9
2019-03-02,156.26,39.96
2019-03-03,115.84,32.15
2019-03-04,110.22,29.69
2019-03-05,141.2,39.5
2019-03-06,129.41,32.58
2019-03-07,102.15,29.73
2019-03-08,161.69,37.91
2019-03-09,150.02,36.87
2019-03-10,130.28,36.14
2019-03-11,163.8,40.94
2019-03-12,108.26,34.02
2019-03-13,153.99,39.0
2019-03-14,119.07,33.13
2019-03-15,169.36,40.93
2019-03-16,120.65,34.91
2019-03-17,141.32,35.19
2019-03-18,102.9,31.8
2019-03-19,102.83,30.31
2019-03-20,121.94,33.05
2019-03-21,108.49,32.9
2019-03-22,158.61,41.79
2019-03-23,168.28,39.91
2019-03-24,166.83,37.97
2019-03-25,150.39,41.03
2019-03-26,142.71,37.8
2019-03-27,144.52,36.56
2019-03-28,165.61,40.01
2019-03-29,145.14,40.49
2019-03-30,136.85,38.87
2019-03-31,142.22,37.51
2019-04-01,123.58,35.51
2019-04-02,160.1,37.5
2019-04-03,113.91,32.73
2019-04-04,107.66,29.93
2019-04-05,128.78,35.08
2019-04-06,126.67,33.49
2019-04-07,113.87,34.4
2019-04-08,155.36,41.9
2019-04-09,154.35,39.49
2019-04-10,112.15,30.37
2019-04-11,149.45,38.47
2019-04-12,150.13,38.24
2019-04-13,116.61,29.6
2019-04-14,119.24,29.8
2019-04-15,114.95,32.34
2019-04-16,129.02,34.84
2019-04-17,135.32,34.27
2019-04-18,125.99,36.12
2019-04-19,135.15,35.49
2019-04-20,128.12,37.15
2019-04-21,101.28,30.77
2019-04-22,123.17,33.57
2019-04-23,100,28.87
2019-04-24,100,30.33
2019-04-25,141.15,35.77
2019-04-26,150.62,37.95
2019-04-27,106.02,30.58
2019-04-28,124.01,34.79
2019-04-29,111.87,30.79
2019-04-30,102.58,30.23
2019-05-01,100.3,28.91
2019-05-02,151.2,38.62
2019-05-03,112.21,30.08
2019-05-04,130.91,32.58
2019-05-05,100,29.63
2019-05-06,154.32,40.02
2019-05-07,140.02,36.61
2019-05-08,110.65,30.77
2019-05-09,117.0,31.19
2019-05-10,111.24,34.13
2019-05-11,149.86,41.51
2019-05-12,124.94,34.0
2019-05-13,136.55,35.16
2019-05-14,100,30.63
2019-05-15,121.99,32.65
2019-05-16,106.31,28.26
2019-05-17,114.51,32.29
2019-05-18,114.41,28.41
2019-05-19,151.69,41.29
2019-05-20,157.17,40.72
2019-05-21,126.0,31.31
2019-05-22,112.48,30.46
2019-05-23,112.84,33.45
2019-05-24,100,28.53
2019-05-25,146.83,41.83
2019-05-26,163.81,41.74
2019-05-27,154.08,40.32
2019-05-28,136.55,36.57
2019-05-29,103.44,31.68
2019-05-30,160.4,36.14
2019-05-31,112.87,31.21
2019-06-01,135.71,34.24
2019-06-02,109.06,33.45
2019-06-03,154.43,38.74
2019-06-04,154.92,37.46
2019-06-05,100,28.61
2019-06-06,137.68,37.55
2019-06-07,116.15,33.44
2019-06-08,114.57,30.19
2019-06-09,142.52,35.09
2019-06-10,138.93,38.23
2019-06-11,100,30.27
2019-06-12,156.12,36.94
2019-06-13,131.86,34.11
2019-06-14,148.89,37.42
2019-06-15,138.44,39.27
2019-06-16,126.03,31.68
2019-06-17,111.33,33.92
2019-06-18,137.22,38.12
2019-06-19,153.79,37.68
2019-06-20,163.18,39.95
2019-06-21,116.79,31.08
2019-06-22,121.37,31.5
2019-06-23,120.96,33.98
2019-06-24,138.36,34.58
2019-06-25,139.48,38.8
2019-06-26,129.95,36.09
2019-06-27,100,28.24
2019-06-28,104.74,31.77
2019-06-29,126.0,33.56
2019-06-30,165.55,38.8
2019-07-01,114.4,29.62
2019-07-02,132.79,33.93
2019-07-03,143.9,41.69
2019-07-04,127.37,33.02
2019-07-05,132.38,34.79
2019-07-06,150.91,38.58
2019-07-07,132.58,33.12
2019-07-08,150.84,40.09
2019-07-09,110.65,31.79
2019-07-10,128.67,32.98
2019-07-11,104.67,29.61
2019-07-12,127.55,35.36
2019-07-13,117.22,32.24
2019-07-14,103.73,30.53
2019-07-15,119.34,30.18
2019-07-16,100.49,30.05
2019-07-17,104.42,28.47
2019-07-18,163.32,40.89
2019-07-19,100,28.07
2019-07-20,102.66,30.25
2019-07-21,160.64,38.63
2019-07-22,107.84,30.88
2019-07-23,100,28.25
2019-07-24,133.73,36.91
2019-07-25,145.17,38.11
2019-07-26,115.69,33.81
2019-07-27,160.76,41.28
2019-07-28,140.84,41.43
2019-07-29,147.55,39.21
2019-07-30,153.08,38.56
2019-07-31,123.38,31.95
2019-08-01,112.45,34.31
2019-08-02,116.85,29.89
2019-08-03,152.12,37.43
2019-08-04,100,29.07
2019-08-05,151.15,39.74
2019-08-06,131.09,35.06
2019-08-07,164.18,39.87
2019-08-08,100,28.72
2019-08-09,114.52,29.96
2019-08-10,138.35,37.53
2019-08-11,157.41,37.26
2019-08-12,111.38,30.76
2019-08-13,132.79,37.36
2019-08-14,100,31.17
2019-08-15,135.66,34.08
2019-08-16,100,29.73
2019-08-17,125.86,38.88
2019-08-18,152.5,41.1
2019-08-19,150.1,39.86
2019-08-20,115.26,31.45
2019-08-21,159.22,40.3
2019-08-22,161.91,41.94
2019-08-23,129.76,32.75
2019-08-24,141.13,36.99
2019-08-25,100,29.82
2019-08-26,136.09,37.86
2019-08-27,101.8,30.35
2019-08-28,123.94,30.76
2019-08-29,111.91,29.14
2019-08-30,100,28.2
2019-08-31,114.13,28.38
2019-09-01,111.47,32.69
2019-09-02,117.47,31.04
2019-09-03,100,29.27
2019-09-04,126.39,32.13
2019-09-05,123.22,34.99
2019-09-06,103.88,33.02
2019-09-07,146.87,37.81
2019-09-08,135.28,35.37
2019-09-09,142.24,38.92
2019-09-10,100.28,30.82
2019-09-11,108.83,34.65
2019-09-12,150.77,37.1
2019-09-13,159.54,41.1
2019-09-14,150.62,37.09
2019-09-15,100.17,30.1
2019-09-16,150.45,41.03
2019-09-17,163.81,41.45
2019-09-18,143.11,35.15
2019-09-19,139.18,36.96
2019-09-20,158.42,37.06
2019-09-21,118.3,34.21
2019-09-22,149.98,36.78
2019-09-23,144.34,37.9
2019-09-24,133.42,34.41
2019-09-25,140.58,36.32
2019-09-26,122.83,32.71
2019-09-27,146.25,39.26
2019-09-28,100,28.73
2019-09-29,105.09,29.46
2019-09-30,156.87,41.86
2019-10-01,158.95,38.36
2019-10-02,112.79,29.03
2019-10-03,152.64,40.06
2019-10-04,118.6,33.22
2019-10-05,125.81,36.56
2019-10-06,128.39,36.48
2019-10-07,105.4,30.07
2019-10-08,138.4,35.09
2019-10-09,124.77,36.63
2019-10-10,135.18,37.38
2019-10-11,133.01,34.15
2019-10-12,108.58,30.01
2019-10-13,149.76,41.78
2019-10-14,103.35,31.41
2019-10-15,153.7,37.62
2019-10-16,110.62,29.56
2019-10-17,153.25,41.62
2019-10-18,107.84,32.05
2019-10-19,111.1,33.84
2019-10-20,151.41,41.73
2019-10-21,132.56,37.36
2019-10-22,103.67,32.39
2019-10-23,169.56,40.75
2019-10-24,120.37,31.1
2019-10-25,154.81,40.72
2019-10-26,133.68,33.67
2019-10-27,109.08,32.57
2019-10-28,101.15,30.47
2019-10-29,161.72,40.11
2019-10-30,128.4,32.28
2019-10-31,163.92,40.06
2019-11-01,108.72,33.7
2019-11-02,106.12,28.53
2019-11-03,162.41,37.25
2019-11-04,146.94,38.11
2019-11-05,105.42,28.49
2019-11-06,114.01,29.14
2019-11-07,111.68,34.05
2019-11-08,139.64,37.21
2019-11-09,144.28,38.5
2019-11-10,150.35,36.25
2019-11-11,151.57,36.4
2019-11-12,156.89,38.4
2019-11-13,121.56,31.57
2019-11-14,105.78,31.24
2019-11-15,116.06,29.79
2019-11-16,131.66,36.7
2019-11-17,159.17,41.32
2019-11-18,100,29.17
2019-11-19,144.15,38.89
2019-11-20,145.05,38.5
2019-11-21,135.34,34.41
2019-11-22,159.4,39.0
2019-11-23,105.34,31.0
2019-11-24,165.99,40.19
2019-11-25,121.97,35.21
2019-11-26,109.48,29.87
2019-11-27,155.09,41.37
2019-11-28,144.24,36.51
2019-11-29,119.74,31.5
2019-11-30,133.63,38.75
2019-12-01,136.58,38.56
2019-12-02,167.19,39.83
2019-12-03,108.15,28.55
2019-12-04,132.1,33.79
2019-12-05,153.6,37.72
2019-12-06,130.93,34.37
2019-12-07,120.06,30.09
2019-12-08,102.38,32.24
2019-12-09,127.41,31.84
2019-12-10,100,29.8
2019-12-11,168.46,40.55
2019-12-12,141.54,36.8
2019-12-13,130.43,36.7
2019-12-14,106.76,30.72
2019-12-15,150.94,41.85
2019-12-16,118.18,33.93
2019-12-17,150.43,40.13
2019-12-18,116.47,34.44
2019-12-19,100,29.99
2019-12-20,119.71,31.66
2019-12-21,111.21,33.23
2019-12-22,126.83,34.63
2019-12-23,145.91,36.47
2019-12-24,105.12,28.61
2019-12-25,113.91,30.25
2019-12-26,118.73,36.72
2019-12-27,104.17,31.41
2019-12-28,113.19,33.79
2019-12-29,150.78,39.29
2019-12-30,152.65,41.41
2019-12-31,104.65,28.37
2020-01-01,149.33,37.86
2020-01-02,155.31,40.83
2020-01-03,100,28.56
2020-01-04,134.74,36.97
2020-01-05,119.69,32.4
2020-01-06,167.29,41.61
2020-01-07,100,30.47
2020-01-08,142.5,36.88
2020-01-09,126.56,34.19
2020-01-10,157.69,39.94
2020-01-11,106.71,31.67
2020-01-12,106.65,31.88
2020-01-13,168.43,38.66
2020-01-14,137.93,36.69
2020-01-15,123.64,32.42
2020-01-16,110.78,31.92
2020-01-17,126.67,33.68
2020-01-18,107.0,32.34
2020-01-19,126.54,36.67
2020-01-20,101.69,29.67
2020-01-21,131.28,36.57
2020-01-22,130.31,37.73
2020-01-23,140.28,35.94
2020-01-24,102.86,31.82
2020-01-25,129.84,32.47
2020-01-26,125.39,34.43
2020-01-27,134.39,36.59
2020-01-28,104.68,28.79
2020-01-29,117.45,34.18
2020-01-30,128.14,37.7
2020-01-31,118.35,31.15
2020-02-01,134.9,36.02
2020-02-02,112.13,31.75
2020-02-03,166.25,41.29
2020-02-04,114.68,29.67
2020-02-05,156.85,38.67
2020-02-06,111.81,32.86
2020-02-07,119.35,35.27
2020-02-08,116.71,30.12
2020-02-09,157.55,38.01
2020-02-10,135.87,34.41
2020-02-11,112.75,29.5
2020-02-12,113.06,28.74
2020-02-13,150.67,37.98
2020-02-14,152.63,40.81
2020-02-15,122.18,33.7
2020-02-16,126.75,37.27
2020-02-17,141.1,39.94
2020-02-18,108.1,30.27
2020-02-19,140.19,36.17
2020-02-20,100.54,29.66
2020-02-21,150.27,38.88
2020-02-22,104.85,32.61
2020-02-23,149.61,37.96
2020-02-24,106.73,28.44
2020-02-25,104.69,33.03
2020-02-26,111.81,33.46
2020-02-27,124.74,37.98
2020-02-28,121.1,34.18
2020-02-29,155.74,39.45
2020-03-01,160.33,41.2
2020-03-02,104.43,30.53
2020-03-03,109.8,31.86
2020-03-04,152.99,35.72
2020-03-05,127.94,32.69
2020-03-06,113.61,30.79
2020-03-07,146.02,38.49
2020-03-08,144.7,35.65
2020-03-09,111.38,28.66
2020-03-10,104.21,28.81
2020-03-11,146.18,40.79
2020-03-12,141.77,35.19
2020-03-13,150.41,40.4
2020-03-14,113.88,34.07
2020-03-15,165.48,40.1
2020-03-16,100,28.56
2020-03-17,156.39,39.9
2020-03-18,131.88,34.93
2020-03-19,114.65,33.96
2020-03-20,148.16,40.88
2020-03-21,133.15,38.2
2020-03-22,155.49,41.91
2020-03-23,100,28.56
2020-03-24,100,28.35
2020-03-25,110.72,28.82
2020-03-26,161.76,41.68
2020-03-27,138.49,35.7
2020-03-28,133.36,36.71
2020-03-29,104.18,31.55
2020-03-30,138.55,36.9
2020-03-31,118.68,33.53
2020-04-01,152.42,41.22
2020-04-02,121.19,34.1
2020-04-03,157.14,36.91
2020-04-04,100,28.28
2020-04-05,146.8,37.38
2020-04-06,104.03,33.11
2020-04-07,135.65,37.87
2020-04-08,149.51,37.86
2020-04-09,143.72,38.02
2020-04-10,127.67,35.08
2020-04-11,121.62,31.98
2020-04-12,143.94,37.76
2020-04-13,108.21,32.09
2020-04-14,105.21,30.85
2020-04-15,127.27,32.82
2020-04-16,109.34,33.83
2020-04-17,159.84,39.5
2020-04-18,150.98,40.36
2020-04-19,146.12,35.38
2020-04-20,134.25,37.33
2020-04-21,141.3,37.59
2020-04-22,127.88,32.21
2020-04-23,106.08,31.98
2020-04-24,141.93,39.28
2020-04-25,135.88,35.5
2020-04-26,118.14,29.45
2020-04-27,102.94,32.08
2020-04-28,148.65,40.19
2020-04-29,142.84,41.24
2020-04-30,163.57,40.65
2020-05-01,149.21,40.44
2020-05-02,142.75,38.88
2020-05-03,124.46,31.62
2020-05-04,128.54,37.84
2020-05-05,144.67,40.58
2020-05-06,143.31,39.51
2020-05-07,100,28.6
2020-05-08,105.37,29.13
2020-05-09,164.18,40.24
2020-05-10,138.42,35.45
2020-05-11,167.15,41.85
2020-05-12,166.9,39.58
2020-05-13,134.15,34.25
2020-05-14,158.88,41.92
2020-05-15,126.87,33.97
2020-05-16,135.67,36.29
2020-05-17,100,29.49
2020-05-18,132.98,38.35
2020-05-19,141.54,35.89
2020-05-20,135.18,38.07
2020-05-21,139.29,35.37
2020-05-22,117.01,28.59
2020-05-23,106.6,30.71
2020-05-24,140.45,36.87
2020-05-25,144.48,39.15
2020-05-26,118.37,34.96
2020-05-27,125.68,34.05
2020-05-28,147.73,41.21
2020-05-29,129.68,33.58
2020-05-30,137.06,39.92
2020-05-31,109.58,33.6
2020-06-01,159.67,36.42
2020-06-02,141.53,35.0
2020-06-03,146.55,38.63
2020-06-04,165.92,40.43
2020-06-05,115.52,33.42
2020-06-06,134.38,35.61
2020-06-07,168.03,40.74
2020-06-08,114.48,29.97
2020-06-09,123.45,31.37
2020-06-10,160.83,38.23
2020-06-11,138.47,40.52
2020-06-12,147.71,35.56
2020-06-13,124.28,34.06
2020-06-14,128.19,31.98
2020-06-15,152.7,41.41
2020-06-16,119.96,33.45
2020-06-17,160.87,41.36
2020-06-18,126.2,34.44
2020-06-19,106.25,28.68
2020-06-20,153.82,39.63
2020-06-21,114.59,32.53
2020-06-22,105.93,30.89
2020-06-23,139.1,39.95
2020-06-24,110.15,33.6
2020-06-25,124.51,33.22
2020-06-26,108.21,32.98
2020-06-27,111.45,30.34
2020-06-28,125.59,32.84
2020-06-29,130.92,39.08
2020-06-30,166.2,38.13
2020-07-01,103.18,30.7
2020-07-02,154.26,39.43
2020-07-03,113.8,33.32
2020-07-04,151.26,41.99
2020-07-05,100,31.25
2020-07-06,128.3,34.21
2020-07-07,109.42,31.23
2020-07-08,168.58,38.99
2020-07-09,107.2,32.51
2020-07-10,118.34,30.47
2020-07-11,145.25,38.16
2020-07-12,101.59,30.36
2020-07-13,124.0,30.9
2020-07-14,118.34,31.62
2020-07-15,104.56,28.69
2020-07-16,117.88,30.33
2020-07-17,152.85,40.26
2020-07-18,158.32,41.61
2020-07-19,113.72,33.72
2020-07-20,117.04,31.14
2020-07-21,115.57,31.09
2020-07-22,106.47,30.95
2020-07-23,160.26,41.92
2020-07-24,128.7,36.03
2020-07-25,154.52,41.28
2020-07-26,112.96,32.16
2020-07-27,165.65,38.86
2020-07-28,154.39,40.68
2020-07-29,135.33,34.48
2020-07-30,146.04,39.52
2020-07-31,124.45,34.4
2020-08-01,110.23,32.6
2020-08-02,161.66,39.52
2020-08-03,109.8,30.33
2020-08-04,104.83,28.38
2020-08-05,113.53,33.77
2020-08-06,114.08,30.77
2020-08-07,144.48,36.28
2020-08-08,151.66,41.75
2020-08-09,130.63,34.71
2020-08-10,120.39,29.78
2020-08-11,126.6,33.87
2020-08-12,144.37,39.29
2020-08-13,156.85,39.96
2020-08-14,130.95,38.78
2020-08-15,131.6,34.36
2020-08-16,100,28.17
2020-08-17,139.36,40.9
2020-08-18,163.69,39.0
2020-08-19,100,29.79
2020-08-20,134.93,34.66
2020-08-21,117.91,33.62
2020-08-22,153.39,38.94
2020-08-23,106.2,32.87
2020-08-24,146.91,40.36
2020-08-25,137.92,34.49
2020-08-26,112.41,30.36
2020-08-27,138.75,37.19
2020-08-28,104.24,32.31
2020-08-29,131.67,35.45
2020-08-30,100,28.99
2020-08-31,141.68,37.02
2020-09-01,147.8,36.85
2020-09-02,126.39,31.83
2020-09-03,149.35,36.2
2020-09-04,151.47,39.65
2020-09-05,123.54,31.64
2020-09-06,112.41,29.3
2020-09-07,124.02,34.15
2020-09-08,156.05,40.21
2020-09-09,133.18,36.27
2020-09-10,154.25,39.3
2020-09-11,146.68,40.36
2020-09-12,100,30.13
2020-09-13,118.93,32.78
2020-09-14,156.08,41.13
2020-09-15,152.95,36.17
2020-09-16,140.44,37.43
2020-09-17,130.29,34.21
2020-09-18,152.45,37.3
2020-09-19,150.73,40.05
2020-09-20,135.46,38.65
2020-09-21,150.07,41.47
2020-09-22,145.42,39.49
2020-09-23,152.79,40.17
2020-09-24,118.4,35.93
2020-09-25,105.32,33.45
2020-09-26,147.03,36.68
2020-09-27,124.24,35.42
2020-09-28,115.04,33.11
2020-09-29,104.12,30.92
2020-09-30,138.13,36.22
2020-10-01,135.04,39.22
2020-10-02,147.89,38.91
2020-10-03,117.96,34.71
2020-10-04,102.85,32.16
2020-10-05,138.37,37.97
2020-10-06,101.44,28.87
2020-10-07,100,28.54
2020-10-08,147.88,35.49
2020-10-09,140.14,39.93
2020-10-10,100,29.16
2020-10-11,135.4,37.36
2020-10-12,119.3,32.42
2020-10-13,100,29.96
2020-10-14,110.88,34.42
2020-10-15,161.6,39.2
2020-10-16,115.01,29.34
2020-10-17,145.2,38.29
2020-10-18,100,30.94
2020-10-19,150.37,39.54
2020-10-20,143.96,36.89
2020-10-21,108.49,32.7
2020-10-22,148.77,38.58
2020-10-23,149.86,35.95
2020-10-24,133.47,34.18
2020-10-25,142.57,41.41
2020-10-26,148.27,40.01
2020-10-27,153.63,38.82
2020-10-28,147.54,41.39
2020-10-29,113.27,29.26
2020-10-30,153.77,40.62
2020-10-31,122.4,32.34
2020-11-01,112.51,28.03
2020-11-02,100,29.24
2020-11-03,153.37,39.21
2020-11-04,107.76,31.73
2020-11-05,126.9,31.92
2020-11-06,122.45,32.82
2020-11-07,138.03,35.78
2020-11-08,108.73,28.59
2020-11-09,110.04,32.87
2020-11-10,100.69,31.27
2020-11-11,105.64,29.83
2020-11-12,100,28.34
2020-11-13,151.76,39.53
2020-11-14,135.45,34.12
2020-11-15,145.56,35.67
2020-11-16,109.74,33.99
2020-11-17,142.93,39.52
2020-11-18,100.54,32.22
2020-11-19,146.03,40.59
2020-11-20,102.6,30.91
2020-11-21,129.36,32.8
2020-11-22,104.58,30.05
2020-11-23,128.83,37.88
2020-11-24,133.57,33.52
2020-11-25,129.82,39.7
2020-11-26,100,29.05
2020-11-27,149.53,40.62
2020-11-28,140.15,41.91
2020-11-29,133.31,35.78
2020-11-30,112.79,28.45
2020-12-01,147.75,39.81
2020-12-02,124.29,35.87
2020-12-03,135.33,36.11
2020-12-04,130.08,33.62
2020-12-05,137.01,38.81
2020-12-06,100,30.82
2020-12-07,100,30.21
2020-12-08,122.75,33.77
2020-12-09,116.66,31.25
2020-12-10,108.84,31.2
2020-12-11,156.84,37.57
2020-12-12,140.03,37.49
2020-12-13,118.52,34.31
2020-12-14,119.77,29.59
2020-12-15,137.48,37.22
2020-12-16,157.68,41.35
2020-12-17,100,28.42
2020-12-18,100.4,30.48
2020-12-19,114.74,35.22
2020-12-20,154.78,39.19
2020-12-21,113.34,34.52
2020-12-22,153.57,36.57
2020-12-23,140.64,38.2
2020-12-24,100,29.15
2020-12-25,164.59,40.99
2020-12-26,119.75,31.6
2020-12-27,132.81,39.7
2020-12-28,128.26,32.87
2020-12-29,140.04,41.16
2020-12-30,168.07,40.31
2020-12-31,116.89,31.55
2021-01-01,143.97,39.48
2021-01-02,110.7,28.35
2021-01-03,130.55,33.49
2021-01-04,100,28.67
2021-01-05,132.29,37.45
2021-01-06,108.06,30.36
2021-01-07,107.67,31.55
2021-01-08,140.98,40.61
2021-01-09,116.68,28.86
2021-01-10,100,30.34
2021-01-11,148.37,39.62
2021-01-12,111.77,28.67
2021-01-13,132.35,35.41
2021-01-14,155.55,40.84
2021-01-15,133.53,35.18
2021-01-16,103.64,31.9
2021-01-17,104.55,28.8
2021-01-18,153.46,38.98
2021-01-19,124.41,34.49
2021-01-20,151.18,38.55
2021-01-21,128.06,35.89
2021-01-22,116.07,29.75
2021-01-23,129.62,37.21
2021-01-24,150.26,39.35
2021-01-25,141.22,36.63
2021-01-26,104.18,32.41
2021-01-27,148.56,38.59
2021-01-28,138.91,36.45
2021-01-29,151.73,36.08
2021-01-30,146.85,36.33
2021-01-31,100,28.93
2021-02-01,127.92,34.49
2021-02-02,130.58,34.98
2021-02-03,101.0,30.94
2021-02-04,116.5,31.28
2021-02-05,142.35,35.99
2021-02-06,104.45,30.43
2021-02-07,143.7,36.77
2021-02-08,162.53,40.24
2021-02-09,150.16,41.09
2021-02-10,148.81,38.98
2021-02-11,123.64,34.32
2021-02-12,116.47,30.29
2021-02-13,149.2,35.02
2021-02-14,131.26,34.93
2021-02-15,151.16,37.74
2021-02-16,113.12,34.28
2021-02-17,110.1,30.98
2021-02-18,133.1,36.91
2021-02-19,108.34,33.33
2021-02-20,100,28.55
2021-02-21,157.73,41.04
2021-02-22,100,28.88
2021-02-23,162.1,38.96
2021-02-24,115.11,35.76
2021-02-25,127.26,35.68
2021-02-26,114.65,31.98
2021-02-27,117.7,33.2
2021-02-28,100,29.54
2021-03-01,110.31,31.51
2021-03-02,157.86,37.98
2021-03-03,150.25,40.3
2021-03-04,110.63,31.65
2021-03-05,151.36,40.13
2021-03-06,101.49,30.2
2021-03-07,169.21,40.13
2021-03-08,120.62,29.75
2021-03-09,105.42,33.58
2021-03-10,113.38,31.77
2021-03-11,112.53,31.66
2021-03-12,125.13,32.93
2021-03-13,111.34,28.93
2021-03-14,129.44,32.77
2021-03-15,106.55,29.8
2021-03-16,142.11,41.54
2021-03-17,151.77,37.29
2021-03-18,133.14,34.22
2021-03-19,131.95,37.25
2021-03-20,100,30.89
2021-03-21,153.41,41.91
2021-03-22,106.01,28.23
2021-03-23,134.42,33.85
2021-03-24,122.82,33.65
2021-03-25,155.47,40.76
2021-03-26,168.53,40.69
2021-03-27,108.14,33.89
2021-03-28,106.36,30.91
2021-03-29,105.62,29.81
2021-03-30,144.5,36.65
2021-03-31,125.86,34.15
2021-04-01,100.13,31.34
2021-04-02,127.67,35.69
2021-04-03,100.51,29.23
2021-04-04,109.0,30.97
2021-04-05,151.31,38.09
2021-04-06,101.68,31.45
2021-04-07,123.53,36.23
2021-04-08,141.35,37.13
2021-04-09,128.16,36.29
2021-04-10,112.77,31.09
2021-04-11,141.87,37.69
2021-04-12,153.15,41.29
2021-04-13,113.88,32.84
2021-04-14,132.2,35.86
2021-04-15,123.35,33.41
2021-04-16,134.28,33.55
2021-04-17,155.02,40.38
2021-04-18,116.94,29.99
2021-04-19,150.73,37.45
2021-04-20,160.17,36.89
2021-04-21,135.4,36.96
2021-04-22,102.32,29.9
2021-04-23,134.0,38.3
2021-04-24,156.49,37.18
2021-04-25,100,30.85
2021-04-26,100,28.69
2021-04-27,153.57,39.49
2021-04-28,142.25,38.28
2021-04-29,159.72,36.41
2021-04-30,153.67,39.66
2021-05-01,162.44,38.05
2021-05-02,121.41,35.0
2021-05-03,124.44,35.59
2021-05-04,145.1,39.25
2021-05-05,107.59,32.33
2021-05-06,107.11,28.54
2021-05-07,129.22,35.62
2021-05-08,123.42,31.28
2021-05-09,152.05,35.52
2021-05-10,144.36,38.61
2021-05-11,130.45,32.44
2021-05-12,132.42,36.11
2021-05-13,140.26,37.72
2021-05-14,117.62,32.46
2021-05-15,144.05,41.14
2021-05-16,158.08,41.28
2021-05-17,149.97,37.71
2021-05-18,140.59,37.24
2021-05-19,111.63,29.33
2021-05-20,127.7,32.85
2021-05-21,100,31.81
2021-05-22,114.13,28.71
2021-05-23,154.24,41.86
2021-05-24,117.96,31.37
2021-05-25,137.58,35.4
2021-05-26,145.11,41.53
2021-05-27,108.95,28.39
2021-05-28,166.25,41.14
2021-05-29,154.8,41.17
2021-05-30,110.09,28.61
2021-05-31,137.69,36.24
2021-06-01,142.51,38.81
2021-06-02,107.94,30.95
2021-06-03,100,30.0
2021-06-04,143.71,40.27
2021-06-05,127.87,33.12
2021-06-06,131.95,38.9
2021-06-07,153.69,40.8
2021-06-08,119.27,29.22
2021-06-09,112.96,31.88
2021-06-10,125.44,32.86
2021-06-11,111.67,34.69
2021-06-12,112.61,29.42
2021-06-13,143.27,41.58
2021-06-14,137.33,36.31
2021-06-15,101.13,30.92
2021-06-16,161.05,40.22
2021-06-17,134.75,36.37
2021-06-18,129.2,34.59
2021-06-19,134.92,41.04
2021-06-20,100,28.27
2021-06-21,144.52,38.73
2021-06-22,116.47,34.29
2021-06-23,111.16,33.84
2021-06-24,127.34,38.88
2021-06-25,125.36,34.17
2021-06-26,130.75,34.07
2021-06-27,161.18,40.34
2021-06-28,114.69,34.79
2021-06-29,141.71,36.38
2021-06-30,136.87,37.79
2021-07-01,151.67,40.15
2021-07-02,109.84,32.25
2021-07-03,144.19,35.07
2021-07-04,159.33,39.23
2021-07-05,114.02,30.92
2021-07-06,151.55,39.28
2021-07-07,159.44,41.82
2021-07-08,118.13,29.72
2021-07-09,131.46,38.95
2021-07-10,111.75,30.92
2021-07-11,148.19,39.25
2021-07-12,100.84,28.28
2021-07-13,112.63,34.85
2021-07-14,129.68,33.8
2021-07-15,100,28.06
2021-07-16,111.48,34.17
2021-07-17,109.52,33.77
2021-07-18,127.19,33.73
2021-07-19,153.16,35.08
2021-07-20,158.85,38.67
2021-07-21,118.55,32.16
2021-07-22,146.59,38.97
2021-07-23,110.29,31.76
2021-07-24,119.91,32.6
2021-07-25,168.34,40.0
2021-07-26,100,28.38
2021-07-27,100,28.53
2021-07-28,100,30.06
2021-07-29,167.8,40.18
2021-07-30,156.09,41.94
2021-07-31,136.1,38.17
2021-08-01,112.8,29.04
2021-08-02,100,30.83
2021-08-03,126.91,33.2
2021-08-04,139.23,36.79
2021-08-05,166.56,40.02
2021-08-06,138.83,34.79
2021-08-07,108.8,28.27
2021-08-08,112.54,33.11
2021-08-09,139.47,35.95
2021-08-10,147.19,40.77
2021-08-11,139.48,35.65
2021-08-12,163.22,37.83
2021-08-13,156.84,40.77
2021-08-14,103.8,30.55
2021-08-15,100,29.93
2021-08-16,100,30.86
2021-08-17,148.82,36.59
2021-08-18,130.26,34.4
2021-08-19,113.61,29.92
2021-08-20,112.83,32.15
2021-08-21,152.82,41.39
2021-08-22,112.06,29.27
2021-08-23,142.07,36.36
2021-08-24,121.39,34.02
2021-08-25,160.62,41.11
2021-08-26,111.16,29.46
2021-08-27,136.43,34.05
2021-08-28,142.26,36.77
2021-08-29,125.11,34.32
2021-08-30,153.02,41.77
2021-08-31,100,29.95
2021-09-01,151.51,39.35
2021-09-02,122.92,33.12
2021-09-03,127.17,36.03
2021-09-04,103.43,31.13
2021-09-05,149.73,38.05
2021-09-06,138.49,37.18
2021-09-07,100,31.4
2021-09-08,124.92,31.67
2021-09-09,116.42,34.65
2021-09-10,147.9,35.1
2021-09-11,158.37,39.81
2021-09-12,100.65,29.75
2021-09-13,100,30.97
2021-09-14,158.74,39.11
2021-09-15,140.51,35.25
2021-09-16,111.95,28.66
2021-09-17,153.59,39.83
2021-09-18,125.41,31.81
2021-09-19,136.53,38.22
2021-09-20,166.98,40.55
2021-09-21,126.09,34.6
2021-09-22,146.69,36.44
2021-09-23,112.86,34.49
2021-09-24,143.54,37.48
2021-09-25,126.66,33.03
2021-09-26,113.0,29.61
2021-09-27,117.98,36.11
2021-09-28,100,31.5
2021-09-29,152.98,38.65
2021-09-30,120.57,33.74
2021-10-01,133.42,34.2
2021-10-02,152.28,41.41
2021-10-03,118.55,35.44
2021-10-04,119.85,32.35
2021-10-05,116.91,28.56
2021-10-06,116.59,30.94
2021-10-07,145.65,35.52
2021-10-08,144.82,36.76
2021-10-09,150.02,37.94
2021-10-10,112.95,32.31
2021-10-11,146.35,36.92
2021-10-12,150.62,39.13
2021-10-13,147.31,38.63
2021-10-14,142.76,40.96
2021-10-15,133.91,38.52
2021-10-16,167.22,38.03
2021-10-17,161.09,38.24
2021-10-18,115.19,32.04
2021-10-19,140.24,39.76
2021-10-20,112.37,33.19
2021-10-21,122.01,37.25
2021-10-22,135.91,36.15
2021-10-23,107.65,31.51
2021-10-24,121.01,34.54
2021-10-25,112.86,33.48
2021-10-26,100,30.44
2021-10-27,139.63,39.16
2021-10-28,125.14,32.13
2021-10-29,113.26,31.66
2021-10-30,151.78,39.57
2021-10-31,149.12,35.97
2021-11-01,126.09,38.5
2021-11-02,127.29,31.82
2021-11-03,149.9,36.44
2021-11-04,149.25,39.61
2021-11-05,119.84,34.41
2021-11-06,123.24,37.54
2021-11-07,109.37,34.27
2021-11-08,116.4,29.9
2021-11-09,117.24,33.89
2021-11-10,111.68,31.72
2021-11-11,142.15,35.24
2021-11-12,152.18,40.07
2021-11-13,121.35,33.69
2021-11-14,113.78,34.22
2021-11-15,133.37,33.24
2021-11-16,152.28,41.28
2021-11-17,147.63,40.88
2021-11-18,132.53,37.64
2021-11-19,112.09,31.98
2021-11-20,134.26,37.08
2021-11-21,101.68,32.37
2021-11-22,111.15,34.24
2021-11-23,109.52,33.86
2021-11-24,100,30.89
2021-11-25,104.82,30.58
2021-11-26,111.83,28.0
2021-11-27,121.15,34.4
2021-11-28,135.81,37.66
2021-11-29,150.62,40.56
2021-11-30,110.46,29.71
2021-12-01,131.59,36.65
2021-12-02,147.0,35.69
2021-12-03,124.96,36.4
2021-12-04,134.42,35.32
2021-12-05,125.96,33.78
2021-12-06,135.99,38.48
2021-12-07,124.37,32.73
2021-12-08,100,28.89
2021-12-09,148.17,37.38
2021-12-10,152.76,40.1
2021-12-11,112.72,28.58
2021-12-12,157.64,40.38
2021-12-13,158.11,42.0
2021-12-14,140.17,36.3
2021-12-15,127.5,34.32
2021-12-16,100,28.49
2021-12-17,115.06,32.08
2021-12-18,160.77,36.17
2021-12-19,108.46,29.51
2021-12-20,125.75,31.45
2021-12-21,126.8,32.21
2021-12-22,158.84,36.61
2021-12-23,148.38,38.7
2021-12-24,168.03,39.15
2021-12-25,151.73,40.66
2021-12-26,109.26,34.49
2021-12-27,146.55,39.3
2021-12-28,116.65,30.45
2021-12-29,148.39,40.77
2021-12-30,116.8,30.62
2021-12-31,107.79,30.37
2022-01-01,129.09,35.83
2022-01-02,105.43,28.88
2022-01-03,100,30.12
2022-01-04,112.38,28.41
2022-01-05,110.53,33.84
2022-01-06,144.46,35.51
2022-01-07,118.45,30.77
2022-01-08,167.36,39.37
2022-01-09,100.25,29.58
2022-01-10,112.21,33.47
2022-01-11,131.48,36.22
2022-01-12,115.71,31.12
2022-01-13,156.63,40.24
2022-01-14,101.34,32.4
2022-01-15,138.71,38.94
2022-01-16,100.33,31.28
2022-01-17,135.61,34.44
2022-01-18,134.37,38.88
2022-01-19,108.45,28.18
2022-01-20,112.26,30.87
2022-01-21,140.34,37.87
2022-01-22,147.25,36.75
2022-01-23,132.02,33.86
2022-01-24,116.79,34.54
2022-01-25,155.41,39.57
2022-01-26,114.47,30.03
2022-01-27,120.78,31.13
2022-01-28,103.26,32.91
2022-01-29,168.1,39.22
2022-01-30,135.75,41.32
2022-01-31,150.36,36.81
2022-02-01,108.27,31.86
2022-02-02,144.0,36.52
2022-02-03,127.66,32.22
2022-02-04,114.89,34.06
2022-02-05,108.89,32.69
2022-02-06,130.88,38.6
2022-02-07,102.92,29.17
2022-02-08,159.64,40.25
2022-02-09,135.25,37.85
2022-02-10,119.53,30.58
2022-02-11,134.06,39.86
2022-02-12,114.6,32.14
2022-02-13,132.83,34.49
2022-02-14,151.89,36.78
2022-02-15,100,28.88
2022-02-16,109.64,32.46
2022-02-17,154.43,35.19
2022-02-18,142.72,36.25
2022-02-19,147.6,37.12
2022-02-20,100,29.77
2022-02-21,160.2,41.09
2022-02-22,102.17,30.94
2022-02-23,111.42,32.52
2022-02-24,127.53,36.62
2022-02-25,135.6,37.89
2022-02-26,131.24,34.17
2022-02-27,124.08,34.31
2022-02-28,134.51,37.75
2022-03-01,159.37,40.25
2022-03-02,158.92,40.72
2022-03-03,148.22,41.69
2022-03-04,100,30.3
2022-03-05,125.43,36.01
2022-03-06,147.11,40.27
2022-03-07,158.71,38.56
2022-03-08,100,29.93
2022-03-09,109.81,34.63
2022-03-10,114.6,33.41
2022-03-11,166.55,40.17
2022-03-12,152.39,40.28
2022-03-13,149.88,40.68
2022-03-14,142.28,40.67
2022-03-15,113.33,31.07
2022-03-16,104.18,28.7
2022-03-17,116.45,33.13
2022-03-18,110.75,33.81
2022-03-19,139.5,37.63
2022-03-20,107.23,31.89
2022-03-21,164.67,39.03
2022-03-22,149.68,40.16
2022-03-23,142.78,39.67
2022-03-24,167.9,41.03
2022-03-25,101.5,29.64
2022-03-26,143.19,36.62
2022-03-27,116.79,30.48
2022-03-28,151.81,40.65
2022-03-29,134.81,34.76
2022-03-30,123.41,31.32
2022-03-31,127.54,33.17
2022-04-01,160.81,39.28
2022-04-02,107.4,34.02
2022-04-03,125.97,35.74
2022-04-04,158.15,41.02
2022-04-05,161.26,38.82
2022-04-06,148.56,40.31
2022-04-07,104.86,32.5
2022-04-08,150.96,40.89
2022-04-09,100,30.38
2022-04-10,124.83,34.75
2022-04-11,141.51,35.31
2022-04-12,125.68,35.13
2022-04-13,128.35,36.74
2022-04-14,111.37,34.13
2022-04-15,100,29.26
2022-04-16,128.74,32.32
2022-04-17,119.67,32.65
2022-04-18,147.57,39.07
2022-04-19,130.21,35.06
2022-04-20,113.71,30.35
2022-04-21,151.25,37.48
2022-04-22,138.09,35.29
2022-04-23,106.38,30.53
2022-04-24,165.85,40.92
2022-04-25,121.77,32.07
2022-04-26,109.23,30.46
2022-04-27,121.03,32.79
2022-04-28,106.66,33.94
2022-04-29,120.35,30.48
2022-04-30,130.48,38.32
2022-05-01,167.4,40.93
2022-05-02,110.23,33.26
2022-05-03,166.96,41.32
2022-05-04,117.02,34.07
2022-05-05,138.03,37.02
2022-05-06,156.46,41.47
2022-05-07,155.66,39.46
2022-05-08,149.3,41.32
2022-05-09,121.21,32.86
2022-05-10,164.75,41.23
2022-05-11,127.47,35.96
2022-05-12,100,29.15
2022-05-13,101.76,28.6
2022-05-14,156.97,41.96
2022-05-15,144.8,35.92
2022-05-16,100,29.26
2022-05-17,120.49,32.55
2022-05-18,110.38,33.67
2022-05-19,111.68,28.73
2022-05-20,145.26,41.08
2022-05-21,124.04,33.78
2022-05-22,117.29,31.04
2022-05-23,148.47,39.94
2022-05-24,102.98,30.12
2022-05-25,151.77,40.08
2022-05-26,116.29,32.93
2022-05-27,139.33,35.18
2022-05-28,132.07,33.42
2022-05-29,153.57,39.52
2022-05-30,117.53,31.29
2022-05-31,104.17,28.91
2022-06-01,142.38,41.27
2022-06-02,103.85,30.96
2022-06-03,107.83,29.64
2022-06-04,169.82,40.41
2022-06-05,110.99,30.86
2022-06-06,166.05,39.16
2022-06-07,106.18,31.91
2022-06-08,106.98,31.68
2022-06-09,150.92,40.88
2022-06-10,132.27,36.53
2022-06-11,118.46,34.97
2022-06-12,168.8,40.4
2022-06-13,137.72,37.99
2022-06-14,155.73,40.08
2022-06-15,158.03,41.63
2022-06-16,150.23,41.42
2022-06-17,100,28.7
2022-06-18,132.68,34.48
2022-06-19,132.96,35.15
2022-06-20,135.58,35.62
2022-06-21,102.35,30.81
2022-06-22,149.88,37.55
2022-06-23,112.07,30.73
2022-06-24,118.67,32.9
2022-06-25,125.15,33.18
2022-06-26,105.61,31.26
2022-06-27,156.61,35.24
2022-06-28,154.97,38.79
2022-06-29,121.95,33.26
2022-06-30,119.72,35.46
2022-07-01,128.55,32.55
2022-07-02,151.33,36.31
2022-07-03,113.77,28.91
2022-07-04,119.63,31.43
2022-07-05,154.07,38.45
2022-07-06,134.86,35.83
2022-07-07,158.7,39.94
2022-07-08,113.71,29.28
2022-07-09,151.44,38.76
2022-07-10,136.63,36.37
2022-07-11,125.52,37.74
2022-07-12,147.22,39.51
2022-07-13,137.02,37.42
2022-07-14,154.23,36.03
2022-07-15,114.68,33.26
2022-07-16,111.07,32.57
2022-07-17,101.46,28.52
2022-07-18,115.44,30.02
2022-07-19,147.56,36.78
2022-07-20,122.77,32.57
2022-07-21,162.54,39.57
2022-07-22,122.99,34.32
2022-07-23,117.43,33.43
2022-07-24,141.04,40.79
2022-07-25,120.26,33.69
2022-07-26,153.55,40.3
2022-07-27,123.75,35.43
2022-07-28,123.5,34.94
2022-07-29,143.22,36.91
2022-07-30,150.18,41.15
2022-07-31,130.64,34.88
2022-08-01,101.8,30.67
2022-08-02,143.96,38.09
2022-08-03,135.06,35.19
2022-08-04,103.55,33.16
2022-08-05,127.3,35.79
2022-08-06,110.7,32.0
2022-08-07,121.97,33.25
2022-08-08,126.98,33.51
2022-08-09,138.93,36.17
2022-08-10,147.85,35.45
2022-08-11,102.9,31.14
2022-08-12,144.32,36.73
2022-08-13,113.51,30.06
2022-08-14,148.85,40.8
2022-08-15,123.94,38.33
2022-08-16,102.77,28.53
2022-08-17,106.8,28.05
2022-08-18,147.27,35.12
2022-08-19,126.8,37.08
2022-08-20,142.34,36.89
2022-08-21,137.17,35.77
2022-08-22,163.92,41.5
2022-08-23,127.26,32.81
2022-08-24,149.42,38.6
2022-08-25,166.04,40.23
2022-08-26,135.14,34.77
2022-08-27,100,28.11
2022-08-28,153.19,37.02
2022-08-29,136.41,34.26
2022-08-30,129.26,33.74
2022-08-31,100.32,29.53
2022-09-01,107.66,30.28
2022-09-02,141.3,39.9
2022-09-03,119.87,31.0
2022-09-04,101.61,31.7
2022-09-05,140.64,40.7
2022-09-06,100.22,32.07
2022-09-07,155.73,40.85
2022-09-08,118.46,30.65
2022-09-09,150.19,41.44
2022-09-10,117.68,30.22
2022-09-11,138.3,36.78
2022-09-12,121.9,31.3
2022-09-13,163.28,39.6
2022-09-14,158.51,38.25
2022-09-15,143.67,35.66
2022-09-16,146.22,39.26
2022-09-17,131.15,34.31
2022-09-18,146.87,41.35
2022-09-19,141.34,39.75
2022-09-20,121.22,30.8
2022-09-21,100,30.72
2022-09-22,134.19,36.12
2022-09-23,100,30.3
2022-09-24,166.95,40.87
2022-09-25,162.57,40.86
2022-09-26,100,29.7
2022-09-27,100,30.81
2022-09-28,142.26,39.17
2022-09-29,114.72,29.48
2022-09-30,100.92,31.68
2022-10-01,114.77,34.8
2022-10-02,108.99,34.67
2022-10-03,104.08,29.94
2022-10-04,132.25,36.19
2022-10-05,117.21,31.74
2022-10-06,100,29.21
2022-10-07,132.8,34.39
2022-10-08,152.72,41.69
2022-10-09,119.91,31.98
2022-10-10,139.42,36.54
2022-10-11,103.49,31.06
2022-10-12,117.34,28.94
2022-10-13,160.83,38.87
2022-10-14,100,28.75
2022-10-15,132.07,36.78
2022-10-16,120.32,33.33
2022-10-17,121.26,32.84
2022-10-18,113.06,28.37
2022-10-19,161.7,38.31
2022-10-20,109.89,30.15
2022-10-21,127.29,37.83
2022-10-22,114.88,31.2
2022-10-23,100,28.33
2022-10-24,101.33,28.28
2022-10-25,106.39,33.06
2022-10-26,130.83,34.06
2022-10-27,151.98,36.73
2022-10-28,144.69,40.61
2022-10-29,156.13,40.32
2022-10-30,153.53,40.36
2022-10-31,146.3,39.55
2022-11-01,135.92,36.99
2022-11-02,142.71,40.43
2022-11-03,154.0,38.41
2022-11-04,149.24,37.16
2022-11-05,160.44,39.43
2022-11-06,137.34,36.6
2022-11-07,113.42,31.49
2022-11-08,160.48,40.26
2022-11-09,100,28.34
2022-11-10,122.05,32.87
2022-11-11,122.24,30.81
2022-11-12,152.23,38.9
2022-11-13,105.08,28.27
2022-11-14,127.85,31.66
2022-11-15,129.93,37.23
2022-11-16,138.14,37.14
2022-11-17,150.34,39.83
2022-11-18,158.92,41.96
2022-11-19,133.05,33.82
2022-11-20,118.99,31.08
2022-11-21,162.33,41.9
2022-11-22,107.05,32.02
2022-11-23,123.23,33.52
2022-11-24,118.62,29.46
2022-11-25,153.84,35.88
2022-11-26,111.16,28.22
2022-11-27,144.27,35.87
2022-11-28,111.51,34.33
2022-11-29,135.83,33.91
2022-11-30,133.49,39.68
2022-12-01,137.99,40.06
2022-12-02,113.13,32.03
2022-12-03,152.48,36.28
2022-12-04,122.17,34.03
2022-12-05,139.12,35.07
2022-12-06,100,30.43
2022-12-07,148.41,35.83
2022-12-08,140.16,36.76
2022-12-09,113.03,33.8
2022-12-10,114.53,28.93
2022-12-11,164.67,39.7
2022-12-12,116.73,29.31
2022-12-13,109.34,29.19
2022-12-14,124.89,36.16
2022-12-15,122.71,30.86
2022-12-16,117.29,32.96
2022-12-17,130.44,37.18
2022-12-18,154.42,36.01
2022-12-19,154.24,35.66
2022-12-20,135.41,37.55
2022-12-21,160.34,39.54
2022-12-22,156.3,40.46
2022-12-23,120.0,32.4
2022-12-24,106.93,32.56
2022-12-25,137.55,36.54
2022-12-26,158.06,37.13
2022-12-27,133.98,35.84
2022-12-28,129.84,35.47
2022-12-29,100,29.54
2022-12-30,100,29.35
2022-12-31,111.83,29.28
